{
	"groups":[
	{
		"keys":"bg_jpg,egret_icon_png,description_json,title_png,titleCover_png,woman1_png,woman2_png,woman3_png,man1_json,man1_texture_json,man1_texture_png,man2_json,man2_texture_json,man2_texture_png,man3_json,man3_texture_json,man3_texture_png,woman1_json,woman1_texture_json,woman1_texture_png,woman2_json,woman2_texture_json,woman2_texture_png,woman3_json,woman3_texture_json,woman3_texture_png,bg3_jpg,bgGame_jpg,btn_nan_png,btn_nan1_png,btn_nv_png,btn_nv1_png,btn_start_png,btn_start1_png,cutdown_png,line_png,line_bg_png,man1_png,man2_png,man3_png,score_png,shadow_png,logo_png,over_png,yinxiao_wav,yinyue_mp3,shou2_png,shou1_png",
		"name":"preload"
	},
	{
		"keys":"logo_png",
		"name":"loading"
	}],
	"resources":[
	{
		"name":"bg_jpg",
		"type":"image",
		"url":"assets/bg.jpg"
	},
	{
		"name":"egret_icon_png",
		"type":"image",
		"url":"assets/egret_icon.png"
	},
	{
		"name":"description_json",
		"type":"json",
		"url":"config/description.json"
	},
	{
		"name":"title_png",
		"type":"image",
		"url":"assets/title.png"
	},
	{
		"name":"titleCover_png",
		"type":"image",
		"url":"assets/titleCover.png"
	},
	{
		"name":"woman1_png",
		"type":"image",
		"url":"assets/woman1.png"
	},
	{
		"name":"woman2_png",
		"type":"image",
		"url":"assets/woman2.png"
	},
	{
		"name":"woman3_png",
		"type":"image",
		"url":"assets/woman3.png"
	},
	{
		"name":"man1_json",
		"type":"json",
		"url":"assets/man1/man1.json"
	},
	{
		"name":"man1_texture_json",
		"type":"json",
		"url":"assets/man1/man1_texture.json"
	},
	{
		"name":"man1_texture_png",
		"type":"image",
		"url":"assets/man1/man1_texture.png"
	},
	{
		"name":"man2_json",
		"type":"json",
		"url":"assets/man2/man2.json"
	},
	{
		"name":"man2_texture_json",
		"type":"json",
		"url":"assets/man2/man2_texture.json"
	},
	{
		"name":"man2_texture_png",
		"type":"image",
		"url":"assets/man2/man2_texture.png"
	},
	{
		"name":"man3_json",
		"type":"json",
		"url":"assets/man3/man3.json"
	},
	{
		"name":"man3_texture_json",
		"type":"json",
		"url":"assets/man3/man3_texture.json"
	},
	{
		"name":"man3_texture_png",
		"type":"image",
		"url":"assets/man3/man3_texture.png"
	},
	{
		"name":"woman1_json",
		"type":"json",
		"url":"assets/woman1/woman1.json"
	},
	{
		"name":"woman1_texture_json",
		"type":"json",
		"url":"assets/woman1/woman1_texture.json"
	},
	{
		"name":"woman1_texture_png",
		"type":"image",
		"url":"assets/woman1/woman1_texture.png"
	},
	{
		"name":"woman2_json",
		"type":"json",
		"url":"assets/woman2/woman2.json"
	},
	{
		"name":"woman2_texture_json",
		"type":"json",
		"url":"assets/woman2/woman2_texture.json"
	},
	{
		"name":"woman2_texture_png",
		"type":"image",
		"url":"assets/woman2/woman2_texture.png"
	},
	{
		"name":"woman3_json",
		"type":"json",
		"url":"assets/woman3/woman3.json"
	},
	{
		"name":"woman3_texture_json",
		"type":"json",
		"url":"assets/woman3/woman3_texture.json"
	},
	{
		"name":"woman3_texture_png",
		"type":"image",
		"url":"assets/woman3/woman3_texture.png"
	},
	{
		"name":"bg3_jpg",
		"type":"image",
		"url":"assets/bg3.jpg"
	},
	{
		"name":"bgGame_jpg",
		"type":"image",
		"url":"assets/bgGame.jpg"
	},
	{
		"name":"btn_nan_png",
		"type":"image",
		"url":"assets/btn_nan.png"
	},
	{
		"name":"btn_nan1_png",
		"type":"image",
		"url":"assets/btn_nan1.png"
	},
	{
		"name":"btn_nv_png",
		"type":"image",
		"url":"assets/btn_nv.png"
	},
	{
		"name":"btn_nv1_png",
		"type":"image",
		"url":"assets/btn_nv1.png"
	},
	{
		"name":"btn_start_png",
		"type":"image",
		"url":"assets/btn_start.png"
	},
	{
		"name":"btn_start1_png",
		"type":"image",
		"url":"assets/btn_start1.png"
	},
	{
		"name":"cutdown_png",
		"type":"image",
		"url":"assets/cutdown.png"
	},
	{
		"name":"line_png",
		"type":"image",
		"url":"assets/line.png"
	},
	{
		"name":"line_bg_png",
		"type":"image",
		"url":"assets/line_bg.png"
	},
	{
		"name":"man1_png",
		"type":"image",
		"url":"assets/man1.png"
	},
	{
		"name":"man2_png",
		"type":"image",
		"url":"assets/man2.png"
	},
	{
		"name":"man3_png",
		"type":"image",
		"url":"assets/man3.png"
	},
	{
		"name":"score_png",
		"type":"image",
		"url":"assets/score.png"
	},
	{
		"name":"shadow_png",
		"type":"image",
		"url":"assets/shadow.png"
	},
	{
		"name":"logo_png",
		"type":"image",
		"url":"assets/logo.png"
	},
	{
		"name":"over_png",
		"type":"image",
		"url":"assets/over.png"
	},
	{
		"name":"yinxiao_wav",
		"type":"sound",
		"url":"assets/yinxiao.wav"
	},
	{
		"name":"yinyue_mp3",
		"type":"sound",
		"url":"assets/yinyue.mp3"
	},
	{
		"name":"shou1_png",
		"type":"image",
		"url":"assets/shou1.png"
	},
	{
		"name":"shou2_png",
		"type":"image",
		"url":"assets/shou2.png"
	}]
}